batch,cluster,channel,i,p,q,goal
0,-1,CD3,0,0.01,-0.418331430118526,-0.4314164558713531
0,-1,CD3,1,0.02,-0.37090891270379944,-0.38029727384039025
0,-1,CD3,2,0.03,-0.33763724964370806,-0.3463388848656071
0,-1,CD3,3,0.04,-0.3117043925257028,-0.32050581451268256
0,-1,CD3,4,0.05,-0.291027930410495,-0.2999921994453022
0,-1,CD3,5,0.06,-0.27172928226046167,-0.28081123423262333
0,-1,CD3,6,0.07,-0.25234948572167315,-0.26313106055479557
0,-1,CD3,7,0.08,-0.2387597820199214,-0.2482324834252989
0,-1,CD3,8,0.09,-0.22485222378253772,-0.2338529576406966
0,-1,CD3,9,0.1,-0.21340299187579892,-0.2209862281006667
0,-1,CD3,10,0.11,-0.20097019285355008,-0.20842999099552004
0,-1,CD3,11,0.12,-0.18943100557553097,-0.19496994885600347
0,-1,CD3,12,0.13,-0.17859198228830542,-0.18257125827072507
0,-1,CD3,13,0.14,-0.16737723939269933,-0.17164722730077445
0,-1,CD3,14,0.15,-0.15823560954327637,-0.16198614840202763
0,-1,CD3,15,0.16,-0.14911326248906057,-0.15269894331665876
0,-1,CD3,16,0.17,-0.14037522788008575,-0.14310960613130305
0,-1,CD3,17,0.18,-0.13195410592500031,-0.13329654755997544
0,-1,CD3,18,0.19,-0.12217091824023933,-0.12354886202776681
0,-1,CD3,19,0.2,-0.1140110313544879,-0.11502308416524128
0,-1,CD3,20,0.21,-0.10255530394581273,-0.10578538882681388
0,-1,CD3,21,0.22,-0.09585314413952693,-0.0974146403670569
0,-1,CD3,22,0.23,-0.08698661208173755,-0.08895318378874544
0,-1,CD3,23,0.24,-0.07904919012829577,-0.0810295603501922
0,-1,CD3,24,0.25,-0.0712750443509891,-0.07266010156713523
0,-1,CD3,25,0.26,-0.06304520540960434,-0.06491587253183657
0,-1,CD3,26,0.27,-0.05650284441509734,-0.057675897394366515
0,-1,CD3,27,0.28,-0.04756911987200987,-0.04971461497175231
0,-1,CD3,28,0.29,-0.0400781609449152,-0.042635529358624406
0,-1,CD3,29,0.3,-0.0321054624838482,-0.03514348387710636
0,-1,CD3,30,0.31,-0.02552936640071862,-0.027172089313539368
0,-1,CD3,31,0.32,-0.019183164331156615,-0.019692874483445266
0,-1,CD3,32,0.33,-0.011867023803825765,-0.012177000167274304
0,-1,CD3,33,0.34,-0.004752578517762652,-0.005167123430445231
0,-1,CD3,34,0.35,0.003927417296664554,0.002647837690253852
0,-1,CD3,35,0.36,0.010680187845646293,0.010632705932570716
0,-1,CD3,36,0.37,0.01796705121189088,0.017916679958301516
0,-1,CD3,37,0.38,0.02472611654638882,0.02534928791417936
0,-1,CD3,38,0.39,0.03045109973070597,0.03234716583114536
0,-1,CD3,39,0.4,0.03736057162077688,0.0399627114410273
0,-1,CD3,40,0.41,0.044709818460219375,0.04729776316901729
0,-1,CD3,41,0.42,0.05242965284774863,0.05589000996286655
0,-1,CD3,42,0.43,0.058454785589823775,0.06363973411433345
0,-1,CD3,43,0.44,0.06574508684621796,0.0712965464248238
0,-1,CD3,44,0.45,0.0713104046681854,0.0784348098737304
0,-1,CD3,45,0.46,0.07863299134572836,0.08650210804308804
0,-1,CD3,46,0.47,0.08570432457315783,0.09420670815130289
0,-1,CD3,47,0.48,0.09322008177647438,0.1019850937938207
0,-1,CD3,48,0.49,0.10156284847318126,0.11068040504704556
0,-1,CD3,49,0.5,0.11047672168267736,0.1194079226858598
0,-1,CD3,50,0.51,0.11888910406827141,0.12860113047386101
0,-1,CD3,51,0.52,0.12649797340100122,0.13760765663528554
0,-1,CD3,52,0.53,0.13430535715321634,0.1472792294944726
0,-1,CD3,53,0.54,0.14293574818858681,0.15655477620569117
0,-1,CD3,54,0.55,0.15248845318572646,0.16681778903748412
0,-1,CD3,55,0.56,0.16410987078838396,0.17757074073734816
0,-1,CD3,56,0.57,0.1741691303225233,0.18864480977482714
0,-1,CD3,57,0.58,0.1859350158506586,0.20007610537217635
0,-1,CD3,58,0.59,0.19445770767012655,0.21044893614775176
0,-1,CD3,59,0.6,0.20643152515262045,0.2248367361492888
0,-1,CD3,60,0.61,0.21660728795305345,0.23751015878595827
0,-1,CD3,61,0.62,0.23058454712775117,0.2523207460946764
0,-1,CD3,62,0.63,0.2454530469787375,0.2683594896159846
0,-1,CD3,63,0.64,0.26083762431432705,0.2860597464993751
0,-1,CD3,64,0.65,0.27655536057652796,0.3080371005946233
0,-1,CD3,65,0.66,0.29861058200035373,0.33178531126836597
0,-1,CD3,66,0.67,0.32235772443956723,0.36170235510904986
0,-1,CD3,67,0.68,0.35066441642524504,0.3966404158098917
0,-1,CD3,68,0.69,0.3962928537766288,0.45327958512151034
0,-1,CD3,69,0.7,0.4827730837075729,1.178306663407275
0,-1,CD3,70,0.71,1.6305669874545277,1.8064529011055521
0,-1,CD3,71,0.72,1.882766133879373,1.9851748245044394
0,-1,CD3,72,0.73,2.0129705290227795,2.086782972480265
0,-1,CD3,73,0.74,2.09466520775706,2.1533744124177527
0,-1,CD3,74,0.75,2.148012498108666,2.2088718264659875
0,-1,CD3,75,0.76,2.203510849071347,2.2557990173375284
0,-1,CD3,76,0.77,2.230428084686731,2.289150433175728
0,-1,CD3,77,0.78,2.274860008885203,2.3297484310053016
0,-1,CD3,78,0.79,2.305156354530992,2.3618553379066527
0,-1,CD3,79,0.8,2.333660361268987,2.3896968311028384
0,-1,CD3,80,0.81,2.363024446284787,2.4180844440030262
0,-1,CD3,81,0.82,2.3906329123236993,2.4432222406844812
0,-1,CD3,82,0.83,2.41838830636244,2.4669865539914215
0,-1,CD3,83,0.84,2.4404716049120414,2.489176956533085
0,-1,CD3,84,0.85,2.461416826780748,2.5093797950105676
0,-1,CD3,85,0.86,2.485393059428948,2.5305912378812154
0,-1,CD3,86,0.87,2.5079726254641956,2.5511713000307186
0,-1,CD3,87,0.88,2.5358220293591485,2.576462130881158
0,-1,CD3,88,0.89,2.5684046782601224,2.601104210532967
0,-1,CD3,89,0.9,2.5893514772557094,2.6228133572882535
0,-1,CD3,90,0.91,2.6128020311343785,2.646063055938306
0,-1,CD3,91,0.92,2.6347806636491247,2.6690355148055835
0,-1,CD3,92,0.93,2.663744266321078,2.6954969908475133
0,-1,CD3,93,0.94,2.6884543729396815,2.719518122930919
0,-1,CD3,94,0.95,2.718632432204784,2.7474333050492796
0,-1,CD3,95,0.96,2.749878884418625,2.7788666786969016
0,-1,CD3,96,0.97,2.7866138076563765,2.8152036406182757
0,-1,CD3,97,0.98,2.8319460286970037,2.8602351617922275
0,-1,CD3,98,0.99,2.899425371769512,2.924494264442467
0,-1,CD4,0,0.01,-0.4388483473110394,-0.4526118814460076
0,-1,CD4,1,0.02,-0.3843242724089926,-0.39635436658127593
0,-1,CD4,2,0.03,-0.3480175307004187,-0.3572962676272567
0,-1,CD4,3,0.04,-0.3152199767745251,-0.3254669372820412
0,-1,CD4,4,0.05,-0.29330830994841633,-0.30086466406515305
0,-1,CD4,5,0.06,-0.2728117762591164,-0.28005359454628914
0,-1,CD4,6,0.07,-0.2571961870833152,-0.2623296529464938
0,-1,CD4,7,0.08,-0.23933894166156827,-0.2467033518875931
0,-1,CD4,8,0.09,-0.22772644163150743,-0.2327505984253767
0,-1,CD4,9,0.1,-0.21643150403632871,-0.2203535341830275
0,-1,CD4,10,0.11,-0.20382729555621854,-0.2086024880364913
0,-1,CD4,11,0.12,-0.19201123943337228,-0.19715219464444722
0,-1,CD4,12,0.13,-0.18108018053363872,-0.18605257407781153
0,-1,CD4,13,0.14,-0.17093391796866206,-0.17575411184299783
0,-1,CD4,14,0.15,-0.16020038675127415,-0.16543952907588602
0,-1,CD4,15,0.16,-0.14999924855122934,-0.15592206487489377
0,-1,CD4,16,0.17,-0.14132838125663183,-0.14562530140248786
0,-1,CD4,17,0.18,-0.1303244726727128,-0.1359841846027588
0,-1,CD4,18,0.19,-0.12092907395105087,-0.12650441590446146
0,-1,CD4,19,0.2,-0.11285844929633289,-0.11780079002755121
0,-1,CD4,20,0.21,-0.10551298836031392,-0.10915267882494112
0,-1,CD4,21,0.22,-0.09799678256451948,-0.10089773473870739
0,-1,CD4,22,0.23,-0.08974231589040223,-0.09229505840188366
0,-1,CD4,23,0.24,-0.08134326778577614,-0.08431280175916907
0,-1,CD4,24,0.25,-0.07191804260178028,-0.07545013826774084
0,-1,CD4,25,0.26,-0.0660701461576112,-0.06734628457276985
0,-1,CD4,26,0.27,-0.05887527497146025,-0.05911441054559407
0,-1,CD4,27,0.28,-0.05109081835542111,-0.05135633623877434
0,-1,CD4,28,0.29,-0.04381989066924682,-0.04431916001727574
0,-1,CD4,29,0.3,-0.03722556388500405,-0.03630776832932003
0,-1,CD4,30,0.31,-0.030081338662150913,-0.028447885067770465
0,-1,CD4,31,0.32,-0.02512439375389382,-0.021750281651754664
0,-1,CD4,32,0.33,-0.017975115202859125,-0.014137381171211117
0,-1,CD4,33,0.34,-0.010462583387363633,-0.006027422700908447
0,-1,CD4,34,0.35,-0.003458564841057242,0.0016638769298937455
0,-1,CD4,35,0.36,0.004199136405573766,0.009375142218149305
0,-1,CD4,36,0.37,0.012752306618932596,0.01689762211990451
0,-1,CD4,37,0.38,0.020206458742464233,0.02448359834960304
0,-1,CD4,38,0.39,0.027725962945165907,0.03151143918119545
0,-1,CD4,39,0.4,0.035776085247283984,0.03953166891498284
0,-1,CD4,40,0.41,0.042126027000876566,0.04597298283834639
0,-1,CD4,41,0.42,0.04891945001896596,0.053027431578429186
0,-1,CD4,42,0.43,0.05610081246483625,0.06081423249575352
0,-1,CD4,43,0.44,0.06459137111199854,0.06887517582531098
0,-1,CD4,44,0.45,0.0723509218523457,0.07665665729374611
0,-1,CD4,45,0.46,0.07900446619172789,0.08405759348712548
0,-1,CD4,46,0.47,0.08646350770724213,0.09207920614671594
0,-1,CD4,47,0.48,0.09380563225436139,0.09978214791545832
0,-1,CD4,48,0.49,0.10241348543479059,0.10879045575482861
0,-1,CD4,49,0.5,0.11120821421425453,0.1170002710964196
0,-1,CD4,50,0.51,0.12086731823398839,0.12599383588829755
0,-1,CD4,51,0.52,0.1288287579406004,0.1356107193054873
0,-1,CD4,52,0.53,0.13864081085429206,0.14444203145573345
0,-1,CD4,53,0.54,0.14672435339847142,0.1523296972235116
0,-1,CD4,54,0.55,0.15573786218999233,0.1612586249272233
0,-1,CD4,55,0.56,0.16552835432787133,0.17179661107777164
0,-1,CD4,56,0.57,0.1734914875694097,0.18239558620355614
0,-1,CD4,57,0.58,0.18377790715828518,0.19311970087670705
0,-1,CD4,58,0.59,0.19535258808640688,0.2051187861408608
0,-1,CD4,59,0.6,0.20639621329766467,0.21590817667840767
0,-1,CD4,60,0.61,0.2181876248598072,0.2289339483431062
0,-1,CD4,61,0.62,0.23112199769501518,0.24230439949236704
0,-1,CD4,62,0.63,0.24579419154237117,0.2578163851382442
0,-1,CD4,63,0.64,0.2633003117641663,0.2750437552079545
0,-1,CD4,64,0.65,0.2807531514250982,0.2952048010219494
0,-1,CD4,65,0.66,0.3018750314333733,0.31702139629941967
0,-1,CD4,66,0.67,0.3234216597405066,0.3448175964476783
0,-1,CD4,67,0.68,0.3559042870091449,0.38002465336877195
0,-1,CD4,68,0.69,0.39749160401661704,0.42444778552511364
0,-1,CD4,69,0.7,0.4845074312492559,0.6321856587378044
0,-1,CD4,70,0.71,2.024470763563381,2.1868258371737967
0,-1,CD4,71,0.72,2.3955006304313007,2.4832951058453347
0,-1,CD4,72,0.73,2.5669480653410295,2.6286355373250188
0,-1,CD4,73,0.74,2.689913106540163,2.734141202701883
0,-1,CD4,74,0.75,2.7753660282074946,2.816217815316097
0,-1,CD4,75,0.76,2.833335473201374,2.8739005633174375
0,-1,CD4,76,0.77,2.8867932966434804,2.921166834956113
0,-1,CD4,77,0.78,2.930835856316029,2.9671911284464927
0,-1,CD4,78,0.79,2.9698262635450856,3.0071776888218147
0,-1,CD4,79,0.8,3.0118167750250877,3.0490761911788233
0,-1,CD4,80,0.81,3.0513461303451015,3.0873472013612897
0,-1,CD4,81,0.82,3.0866986841106687,3.1177355694407964
0,-1,CD4,82,0.83,3.119801132322612,3.148351740651686
0,-1,CD4,83,0.84,3.1478313940762312,3.1777688968076405
0,-1,CD4,84,0.85,3.178404685416209,3.205013614924957
0,-1,CD4,85,0.86,3.2029839382056364,3.2332178353928938
0,-1,CD4,86,0.87,3.22771930522905,3.2592910501512153
0,-1,CD4,87,0.88,3.2527591813259664,3.2859702182681185
0,-1,CD4,88,0.89,3.278022096834047,3.3102505445460166
0,-1,CD4,89,0.9,3.306200515167083,3.33801939481884
0,-1,CD4,90,0.91,3.3352507784062877,3.363759665469612
0,-1,CD4,91,0.92,3.3673096741725113,3.391143488255294
0,-1,CD4,92,0.93,3.392544064399071,3.4191566724355282
0,-1,CD4,93,0.94,3.41977436502832,3.4461141869449445
0,-1,CD4,94,0.95,3.452541244593135,3.4762351283051607
0,-1,CD4,95,0.96,3.4934944870950195,3.5142221568390504
0,-1,CD4,96,0.97,3.5387715441838967,3.559154494532331
0,-1,CD4,97,0.98,3.588637700171239,3.6137348601070016
0,-1,CD4,98,0.99,3.6600936950833867,3.6821382199621397
0,-1,CD8,0,0.01,-0.4177398433300512,-0.4401217947907396
0,-1,CD8,1,0.02,-0.36853599395681674,-0.3867592597074818
0,-1,CD8,2,0.03,-0.33344797297303413,-0.35258322641728895
0,-1,CD8,3,0.04,-0.31149217864632117,-0.3276539170613071
0,-1,CD8,4,0.05,-0.288577476912679,-0.30249155709819614
0,-1,CD8,5,0.06,-0.26667391698464427,-0.28196509892381155
0,-1,CD8,6,0.07,-0.25064355314819886,-0.26532078550768085
0,-1,CD8,7,0.08,-0.2373015195751474,-0.24977361959339706
0,-1,CD8,8,0.09,-0.22550457012937677,-0.2355795349202615
0,-1,CD8,9,0.1,-0.213783249671958,-0.2234707655075924
0,-1,CD8,10,0.11,-0.2028001360029381,-0.21036920421450608
0,-1,CD8,11,0.12,-0.19224444852275402,-0.19822488712204253
0,-1,CD8,12,0.13,-0.1827374192017997,-0.18709427463723186
0,-1,CD8,13,0.14,-0.1733834706896942,-0.17702746960228022
0,-1,CD8,14,0.15,-0.16283444196222033,-0.16623887184528982
0,-1,CD8,15,0.16,-0.15462757031359675,-0.15719092712924465
0,-1,CD8,16,0.17,-0.14422498080588678,-0.14743628748655152
0,-1,CD8,17,0.18,-0.13450070218136506,-0.13845179801864801
0,-1,CD8,18,0.19,-0.12460573279615997,-0.12923603054575894
0,-1,CD8,19,0.2,-0.11373404300668359,-0.11904658265165441
0,-1,CD8,20,0.21,-0.10613060672665714,-0.11139780553731367
0,-1,CD8,21,0.22,-0.09670744423796707,-0.10314392966786647
0,-1,CD8,22,0.23,-0.0884438341705424,-0.09452404569125604
0,-1,CD8,23,0.24,-0.08083762443838223,-0.08653926849866005
0,-1,CD8,24,0.25,-0.07316037219841079,-0.07853293175531739
0,-1,CD8,25,0.26,-0.06556465595403214,-0.07093044070139416
0,-1,CD8,26,0.27,-0.05791038780306061,-0.06354219899882342
0,-1,CD8,27,0.28,-0.05108731686181702,-0.056313151682014805
0,-1,CD8,28,0.29,-0.043273653594693255,-0.04823641797909901
0,-1,CD8,29,0.3,-0.03599266170611935,-0.04084521715216972
0,-1,CD8,30,0.31,-0.029433927599413497,-0.03246409269517723
0,-1,CD8,31,0.32,-0.02119359575663603,-0.024144993251405854
0,-1,CD8,32,0.33,-0.0142366522811715,-0.01663976520705374
0,-1,CD8,33,0.34,-0.004504243328386625,-0.008441636250844214
0,-1,CD8,34,0.35,0.0027139005760868176,-0.0009747903523418727
0,-1,CD8,35,0.36,0.008922944040212056,0.006021388907920037
0,-1,CD8,36,0.37,0.01695723170240833,0.01431319446921269
0,-1,CD8,37,0.38,0.024289658193110738,0.021870821105982197
0,-1,CD8,38,0.39,0.0321940188626734,0.029587768737341782
0,-1,CD8,39,0.4,0.04018843363824552,0.037160075993333715
0,-1,CD8,40,0.41,0.04743318477589987,0.04527250270004888
0,-1,CD8,41,0.42,0.05452229768684081,0.05321017699935616
0,-1,CD8,42,0.43,0.06297512697893165,0.06135312072654194
0,-1,CD8,43,0.44,0.07000069055713243,0.06925966083081793
0,-1,CD8,44,0.45,0.07706955265679742,0.07755918716128318
0,-1,CD8,45,0.46,0.0848366385635809,0.08566928466722142
0,-1,CD8,46,0.47,0.092739567464203,0.09410994527160112
0,-1,CD8,47,0.48,0.10065451700870884,0.1025049821508957
0,-1,CD8,48,0.49,0.10791898917992286,0.11091267628281713
0,-1,CD8,49,0.5,0.11745604338707097,0.11977514254217764
0,-1,CD8,50,0.51,0.12645261013846207,0.12826817160993442
0,-1,CD8,51,0.52,0.13587621296891847,0.1382292074708624
0,-1,CD8,52,0.53,0.14470999843908455,0.1468494697170142
0,-1,CD8,53,0.54,0.15350628286337406,0.1560309032028381
0,-1,CD8,54,0.55,0.16337173145968945,0.16575752551169873
0,-1,CD8,55,0.56,0.17432479318442906,0.17596186224073754
0,-1,CD8,56,0.57,0.18651629094779837,0.186776612955298
0,-1,CD8,57,0.58,0.19686407802129935,0.1976871523934138
0,-1,CD8,58,0.59,0.2087611398441437,0.2099904764087348
0,-1,CD8,59,0.6,0.22025233795266463,0.22175496117232543
0,-1,CD8,60,0.61,0.23263130679537292,0.23454848966230699
0,-1,CD8,61,0.62,0.24481213045886147,0.24892425893248504
0,-1,CD8,62,0.63,0.26008976293742914,0.26432140502383167
0,-1,CD8,63,0.64,0.27714258109057743,0.281091178466349
0,-1,CD8,64,0.65,0.2959298637865972,0.29812955039165606
0,-1,CD8,65,0.66,0.3184843618060094,0.31926436246345485
0,-1,CD8,66,0.67,0.34456439857836074,0.34427511241070746
0,-1,CD8,67,0.68,0.38837725600238615,0.3783001421271626
0,-1,CD8,68,0.69,0.473741787764596,0.43689442190421807
0,-1,CD8,69,0.7,2.729219268494748,1.232181001297095
0,-1,CD8,70,0.71,3.0281589557259116,2.719338766180924
0,-1,CD8,71,0.72,3.1569132210589896,3.0390177408184633
0,-1,CD8,72,0.73,3.2490933714467745,3.1940988348645925
0,-1,CD8,73,0.74,3.3246142086644417,3.2882810223837473
0,-1,CD8,74,0.75,3.3760205667025502,3.3613680083725543
0,-1,CD8,75,0.76,3.4177623818347276,3.4104971406807003
0,-1,CD8,76,0.77,3.4552510297649737,3.456643766706025
0,-1,CD8,77,0.78,3.496522127145131,3.499286255917473
0,-1,CD8,78,0.79,3.5348356369018012,3.5369142082947946
0,-1,CD8,79,0.8,3.569289605580412,3.5709178068164085
0,-1,CD8,80,0.81,3.6038459664446627,3.60344575565189
0,-1,CD8,81,0.82,3.6312623816436886,3.6322378211266257
0,-1,CD8,82,0.83,3.655718403444284,3.6587823066561618
0,-1,CD8,83,0.84,3.6765397858224107,3.6842334215332246
0,-1,CD8,84,0.85,3.703132347854897,3.710936976061577
0,-1,CD8,85,0.86,3.7292804534605457,3.736583897333391
0,-1,CD8,86,0.87,3.75256793996937,3.761737528742055
0,-1,CD8,87,0.88,3.7811447368422626,3.7881536941316423
0,-1,CD8,88,0.89,3.801459668926379,3.8147732155562544
0,-1,CD8,89,0.9,3.8224182177826775,3.8366272596337314
0,-1,CD8,90,0.91,3.849218072647549,3.8631490534347646
0,-1,CD8,91,0.92,3.8762778665603723,3.8875173975367647
0,-1,CD8,92,0.93,3.9021363954855466,3.912958188973573
0,-1,CD8,93,0.94,3.9299787603315797,3.9417193979751457
0,-1,CD8,94,0.95,3.9606810249424758,3.9696904753364612
0,-1,CD8,95,0.96,3.990908787786347,4.003013966492423
0,-1,CD8,96,0.97,4.024363425652763,4.042642598422842
0,-1,CD8,97,0.98,4.078112944054737,4.092381334058502
0,-1,CD8,98,0.99,4.1359230601210335,4.158377257059327
1,-1,CD3,0,0.01,-0.5363004988916952,-0.4314164558713531
1,-1,CD3,1,0.02,-0.48110473478669574,-0.38029727384039025
1,-1,CD3,2,0.03,-0.4402861945153453,-0.3463388848656071
1,-1,CD3,3,0.04,-0.4067014170688392,-0.32050581451268256
1,-1,CD3,4,0.05,-0.3821339603353249,-0.2999921994453022
1,-1,CD3,5,0.06,-0.35897656196331573,-0.28081123423262333
1,-1,CD3,6,0.07,-0.33934041063739034,-0.26313106055479557
1,-1,CD3,7,0.08,-0.32006004773398095,-0.2482324834252989
1,-1,CD3,8,0.09,-0.3046446351095055,-0.2338529576406966
1,-1,CD3,9,0.1,-0.28691674529051436,-0.2209862281006667
1,-1,CD3,10,0.11,-0.27194879263215693,-0.20842999099552004
1,-1,CD3,11,0.12,-0.2515558777572576,-0.19496994885600347
1,-1,CD3,12,0.13,-0.2339254676299994,-0.18257125827072507
1,-1,CD3,13,0.14,-0.22022484113932775,-0.17164722730077445
1,-1,CD3,14,0.15,-0.20875023508883256,-0.16198614840202763
1,-1,CD3,15,0.16,-0.19704324033446835,-0.15269894331665876
1,-1,CD3,16,0.17,-0.18380389666501804,-0.14310960613130305
1,-1,CD3,17,0.18,-0.1698171922273358,-0.13329654755997544
1,-1,CD3,18,0.19,-0.15808951087640194,-0.12354886202776681
1,-1,CD3,19,0.2,-0.14678455110683802,-0.11502308416524128
1,-1,CD3,20,0.21,-0.13648165309722646,-0.10578538882681388
1,-1,CD3,21,0.22,-0.12470323769315599,-0.0974146403670569
1,-1,CD3,22,0.23,-0.11436963593405522,-0.08895318378874544
1,-1,CD3,23,0.24,-0.10507749863800231,-0.0810295603501922
1,-1,CD3,24,0.25,-0.09388906662383971,-0.07266010156713523
1,-1,CD3,25,0.26,-0.08391400084136906,-0.06491587253183657
1,-1,CD3,26,0.27,-0.07341151591184966,-0.057675897394366515
1,-1,CD3,27,0.28,-0.06359033430798638,-0.04971461497175231
1,-1,CD3,28,0.29,-0.05538503293161421,-0.042635529358624406
1,-1,CD3,29,0.3,-0.04690077725619863,-0.03514348387710636
1,-1,CD3,30,0.31,-0.03525219380459146,-0.027172089313539368
1,-1,CD3,31,0.32,-0.025071853530690143,-0.019692874483445266
1,-1,CD3,32,0.33,-0.015516359562249733,-0.012177000167274304
1,-1,CD3,33,0.34,-0.006524062362373467,-0.005167123430445231
1,-1,CD3,34,0.35,0.0037615254432902786,0.002647837690253852
1,-1,CD3,35,0.36,0.014672763086534733,0.010632705932570716
1,-1,CD3,36,0.37,0.024601106790853255,0.017916679958301516
1,-1,CD3,37,0.38,0.033247790022616616,0.02534928791417936
1,-1,CD3,38,0.39,0.04243437449122049,0.03234716583114536
1,-1,CD3,39,0.4,0.052728512187671085,0.0399627114410273
1,-1,CD3,40,0.41,0.061841902551439,0.04729776316901729
1,-1,CD3,41,0.42,0.07427477450952956,0.05589000996286655
1,-1,CD3,42,0.43,0.08512640168272201,0.06363973411433345
1,-1,CD3,43,0.44,0.09374711478611111,0.0712965464248238
1,-1,CD3,44,0.45,0.10318617234068334,0.0784348098737304
1,-1,CD3,45,0.46,0.11464981039571871,0.08650210804308804
1,-1,CD3,46,0.47,0.12441071331528138,0.09420670815130289
1,-1,CD3,47,0.48,0.13430531893348274,0.1019850937938207
1,-1,CD3,48,0.49,0.14468898563395832,0.11068040504704556
1,-1,CD3,49,0.5,0.15630677128183285,0.1194079226858598
1,-1,CD3,50,0.51,0.16939509859800347,0.12860113047386101
1,-1,CD3,51,0.52,0.18133782496037956,0.13760765663528554
1,-1,CD3,52,0.53,0.1942250366042344,0.1472792294944726
1,-1,CD3,53,0.54,0.2067892400741513,0.15655477620569117
1,-1,CD3,54,0.55,0.21941996370987182,0.16681778903748412
1,-1,CD3,55,0.56,0.23326994988532096,0.17757074073734816
1,-1,CD3,56,0.57,0.24691220527884314,0.18864480977482714
1,-1,CD3,57,0.58,0.25947669143748064,0.20007610537217635
1,-1,CD3,58,0.59,0.2737796442487835,0.21044893614775176
1,-1,CD3,59,0.6,0.29465673905582473,0.2248367361492888
1,-1,CD3,60,0.61,0.3124615267792796,0.23751015878595827
1,-1,CD3,61,0.62,0.33264442726729876,0.2523207460946764
1,-1,CD3,62,0.63,0.3540662279878955,0.2683594896159846
1,-1,CD3,63,0.64,0.37690189401174523,0.2860597464993751
1,-1,CD3,64,0.65,0.4077519545304215,0.3080371005946233
1,-1,CD3,65,0.66,0.4387967299352627,0.33178531126836597
1,-1,CD3,66,0.67,0.48119815320167253,0.36170235510904986
1,-1,CD3,67,0.68,0.5302474051994034,0.3966404158098917
1,-1,CD3,68,0.69,0.6145777338889153,0.45327958512151034
1,-1,CD3,69,0.7,1.9052070422162781,1.178306663407275
1,-1,CD3,70,0.71,2.1911521523492326,1.8064529011055521
1,-1,CD3,71,0.72,2.3167953653325424,1.9851748245044394
1,-1,CD3,72,0.73,2.396406453126883,2.086782972480265
1,-1,CD3,73,0.74,2.4584909802291106,2.1533744124177527
1,-1,CD3,74,0.75,2.5115641317138864,2.2088718264659875
1,-1,CD3,75,0.76,2.5478668570464453,2.2557990173375284
1,-1,CD3,76,0.77,2.5809217505454667,2.289150433175728
1,-1,CD3,77,0.78,2.61819737477509,2.3297484310053016
1,-1,CD3,78,0.79,2.652066874623008,2.3618553379066527
1,-1,CD3,79,0.8,2.6774510176362787,2.3896968311028384
1,-1,CD3,80,0.81,2.7036260877889626,2.4180844440030262
1,-1,CD3,81,0.82,2.7225262295566095,2.4432222406844812
1,-1,CD3,82,0.83,2.7458181185330752,2.4669865539914215
1,-1,CD3,83,0.84,2.7690515523502492,2.489176956533085
1,-1,CD3,84,0.85,2.7883613382884094,2.5093797950105676
1,-1,CD3,85,0.86,2.806636401160644,2.5305912378812154
1,-1,CD3,86,0.87,2.8278747439651757,2.5511713000307186
1,-1,CD3,87,0.88,2.852767600097067,2.576462130881158
1,-1,CD3,88,0.89,2.872666752917082,2.601104210532967
1,-1,CD3,89,0.9,2.8931467854781756,2.6228133572882535
1,-1,CD3,90,0.91,2.918180214644766,2.646063055938306
1,-1,CD3,91,0.92,2.9435937766335485,2.6690355148055835
1,-1,CD3,92,0.93,2.972242390936355,2.6954969908475133
1,-1,CD3,93,0.94,2.992598862499723,2.719518122930919
1,-1,CD3,94,0.95,3.0184791036568988,2.7474333050492796
1,-1,CD3,95,0.96,3.0519215876989456,2.7788666786969016
1,-1,CD3,96,0.97,3.08888827402147,2.8152036406182757
1,-1,CD3,97,0.98,3.1289592304466667,2.8602351617922275
1,-1,CD3,98,0.99,3.1995556408749484,2.924494264442467
1,-1,CD4,0,0.01,-0.5652935523317236,-0.4526118814460076
1,-1,CD4,1,0.02,-0.49418265370134434,-0.39635436658127593
1,-1,CD4,2,0.03,-0.4462738293023457,-0.3572962676272567
1,-1,CD4,3,0.04,-0.4060569004358996,-0.3254669372820412
1,-1,CD4,4,0.05,-0.37779531829411617,-0.30086466406515305
1,-1,CD4,5,0.06,-0.35087665869894086,-0.28005359454628914
1,-1,CD4,6,0.07,-0.3281585396056149,-0.2623296529464938
1,-1,CD4,7,0.08,-0.30970133666722555,-0.2467033518875931
1,-1,CD4,8,0.09,-0.2902179261632549,-0.2327505984253767
1,-1,CD4,9,0.1,-0.27395596563750263,-0.2203535341830275
1,-1,CD4,10,0.11,-0.2594850230713255,-0.2086024880364913
1,-1,CD4,11,0.12,-0.24815930598478209,-0.19715219464444722
1,-1,CD4,12,0.13,-0.23442355618566937,-0.18605257407781153
1,-1,CD4,13,0.14,-0.2216558443545871,-0.17575411184299783
1,-1,CD4,14,0.15,-0.20906790235940753,-0.16543952907588602
1,-1,CD4,15,0.16,-0.1968334725498298,-0.15592206487489377
1,-1,CD4,16,0.17,-0.18272903634462181,-0.14562530140248786
1,-1,CD4,17,0.18,-0.17276497741155478,-0.1359841846027588
1,-1,CD4,18,0.19,-0.1604481421189499,-0.12650441590446146
1,-1,CD4,19,0.2,-0.14939379802307565,-0.11780079002755121
1,-1,CD4,20,0.21,-0.13708162837779658,-0.10915267882494112
1,-1,CD4,21,0.22,-0.12765210342856623,-0.10089773473870739
1,-1,CD4,22,0.23,-0.11617005385558622,-0.09229505840188366
1,-1,CD4,23,0.24,-0.1063419642421218,-0.08431280175916907
1,-1,CD4,24,0.25,-0.09566950707525536,-0.07545013826774084
1,-1,CD4,25,0.26,-0.08340043728326094,-0.06734628457276985
1,-1,CD4,26,0.27,-0.07245823235125258,-0.05911441054559407
1,-1,CD4,27,0.28,-0.06273735376461093,-0.05135633623877434
1,-1,CD4,28,0.29,-0.054173870856457466,-0.04431916001727574
1,-1,CD4,29,0.3,-0.042836740549357745,-0.03630776832932003
1,-1,CD4,30,0.31,-0.03231499653523513,-0.028447885067770465
1,-1,CD4,31,0.32,-0.02224048554751087,-0.021750281651754664
1,-1,CD4,32,0.33,-0.013447995951870528,-0.014137381171211117
1,-1,CD4,33,0.34,-0.0030753554793442953,-0.006027422700908447
1,-1,CD4,34,0.35,0.006833619651532065,0.0016638769298937455
1,-1,CD4,35,0.36,0.015389354048946908,0.009375142218149305
1,-1,CD4,36,0.37,0.024045574116383826,0.01689762211990451
1,-1,CD4,37,0.38,0.033124092021913756,0.02448359834960304
1,-1,CD4,38,0.39,0.041114712785820955,0.03151143918119545
1,-1,CD4,39,0.4,0.05118153983751598,0.03953166891498284
1,-1,CD4,40,0.41,0.05956709209676573,0.04597298283834639
1,-1,CD4,41,0.42,0.06820801448606864,0.053027431578429186
1,-1,CD4,42,0.43,0.07804175345136352,0.06081423249575352
1,-1,CD4,43,0.44,0.08701004836233844,0.06887517582531098
1,-1,CD4,44,0.45,0.09630433256450005,0.07665665729374611
1,-1,CD4,45,0.46,0.10586210058315947,0.08405759348712548
1,-1,CD4,46,0.47,0.11647030367039514,0.09207920614671594
1,-1,CD4,47,0.48,0.12588909941039972,0.09978214791545832
1,-1,CD4,48,0.49,0.1379330269136919,0.10879045575482861
1,-1,CD4,49,0.5,0.14807902748648377,0.1170002710964196
1,-1,CD4,50,0.51,0.15844603993479828,0.12599383588829755
1,-1,CD4,51,0.52,0.17115420934987147,0.1356107193054873
1,-1,CD4,52,0.53,0.1808984467399602,0.14444203145573345
1,-1,CD4,53,0.54,0.19144536205551752,0.1523296972235116
1,-1,CD4,54,0.55,0.2016505293652341,0.1612586249272233
1,-1,CD4,55,0.56,0.21490723681551963,0.17179661107777164
1,-1,CD4,56,0.57,0.22941909837840604,0.18239558620355614
1,-1,CD4,57,0.58,0.24296684483620692,0.19311970087670705
1,-1,CD4,58,0.59,0.25867961190489025,0.2051187861408608
1,-1,CD4,59,0.6,0.27025666011902294,0.21590817667840767
1,-1,CD4,60,0.61,0.2856449006511012,0.2289339483431062
1,-1,CD4,61,0.62,0.30145194054888547,0.24230439949236704
1,-1,CD4,62,0.63,0.32065883607664547,0.2578163851382442
1,-1,CD4,63,0.64,0.34203528217629703,0.2750437552079545
1,-1,CD4,64,0.65,0.3654063430179776,0.2952048010219494
1,-1,CD4,65,0.66,0.39074259723586724,0.31702139629941967
1,-1,CD4,66,0.67,0.43050765031701305,0.3448175964476783
1,-1,CD4,67,0.68,0.477493285108297,0.38002465336877195
1,-1,CD4,68,0.69,0.5325469282086442,0.42444778552511364
1,-1,CD4,69,0.7,0.6543783909020088,0.6321856587378044
1,-1,CD4,70,0.71,2.474605038013311,2.1868258371737967
1,-1,CD4,71,0.72,2.7735406585753113,2.4832951058453347
1,-1,CD4,72,0.73,2.9184612750356025,2.6286355373250188
1,-1,CD4,73,0.74,3.0125402811575004,2.734141202701883
1,-1,CD4,74,0.75,3.0967014283145256,2.816217815316097
1,-1,CD4,75,0.76,3.154870935946348,2.8739005633174375
1,-1,CD4,76,0.77,3.19589404474068,2.921166834956113
1,-1,CD4,77,0.78,3.2465450932289674,2.9671911284464927
1,-1,CD4,78,0.79,3.283184044869388,3.0071776888218147
1,-1,CD4,79,0.8,3.331409595991598,3.0490761911788233
1,-1,CD4,80,0.81,3.3701846031902156,3.0873472013612897
1,-1,CD4,81,0.82,3.394310656265576,3.1177355694407964
1,-1,CD4,82,0.83,3.4251378052469184,3.148351740651686
1,-1,CD4,83,0.84,3.4564576316969777,3.1777688968076405
1,-1,CD4,84,0.85,3.4836317371457093,3.205013614924957
1,-1,CD4,85,0.86,3.513498057498068,3.2332178353928938
1,-1,CD4,86,0.87,3.541574660223305,3.2592910501512153
1,-1,CD4,87,0.88,3.5671318368359626,3.2859702182681185
1,-1,CD4,88,0.89,3.5894753648832114,3.3102505445460166
1,-1,CD4,89,0.9,3.6166319528535156,3.33801939481884
1,-1,CD4,90,0.91,3.6383276624005134,3.363759665469612
1,-1,CD4,91,0.92,3.665290291652437,3.391143488255294
1,-1,CD4,92,0.93,3.694226204603818,3.4191566724355282
1,-1,CD4,93,0.94,3.722906285082674,3.4461141869449445
1,-1,CD4,94,0.95,3.7501587046863225,3.4762351283051607
1,-1,CD4,95,0.96,3.7892647651186295,3.5142221568390504
1,-1,CD4,96,0.97,3.832482812798864,3.559154494532331
1,-1,CD4,97,0.98,3.884354618658646,3.6137348601070016
1,-1,CD4,98,0.99,3.9520097639006324,3.6821382199621397
1,-1,CD8,0,0.01,-0.5617543762140155,-0.4401217947907396
1,-1,CD8,1,0.02,-0.48995638950878645,-0.3867592597074818
1,-1,CD8,2,0.03,-0.4479652894172923,-0.35258322641728895
1,-1,CD8,3,0.04,-0.4166175727320557,-0.3276539170613071
1,-1,CD8,4,0.05,-0.3844748327528497,-0.30249155709819614
1,-1,CD8,5,0.06,-0.3586460034923432,-0.28196509892381155
1,-1,CD8,6,0.07,-0.3384651859047583,-0.26532078550768085
1,-1,CD8,7,0.08,-0.3182947758532391,-0.24977361959339706
1,-1,CD8,8,0.09,-0.30004804340477825,-0.2355795349202615
1,-1,CD8,9,0.1,-0.28570566249408713,-0.2234707655075924
1,-1,CD8,10,0.11,-0.2664714309447086,-0.21036920421450608
1,-1,CD8,11,0.12,-0.25021628436426097,-0.19822488712204253
1,-1,CD8,12,0.13,-0.2352572343074821,-0.18709427463723186
1,-1,CD8,13,0.14,-0.22239169551930738,-0.17702746960228022
1,-1,CD8,14,0.15,-0.20913891680487368,-0.16623887184528982
1,-1,CD8,15,0.16,-0.19811734354608618,-0.15719092712924465
1,-1,CD8,16,0.17,-0.18605274796220012,-0.14743628748655152
1,-1,CD8,17,0.18,-0.17665525281823574,-0.13845179801864801
1,-1,CD8,18,0.19,-0.16486601770527967,-0.12923603054575894
1,-1,CD8,19,0.2,-0.15392443494205457,-0.11904658265165441
1,-1,CD8,20,0.21,-0.14491984091794147,-0.11139780553731367
1,-1,CD8,21,0.22,-0.13553331621764653,-0.10314392966786647
1,-1,CD8,22,0.23,-0.12477635015210467,-0.09452404569125604
1,-1,CD8,23,0.24,-0.11461882823149774,-0.08653926849866005
1,-1,CD8,24,0.25,-0.10403344541085029,-0.07853293175531739
1,-1,CD8,25,0.26,-0.0942442816233271,-0.07093044070139416
1,-1,CD8,26,0.27,-0.0852478373710783,-0.06354219899882342
1,-1,CD8,27,0.28,-0.07564006978344065,-0.056313151682014805
1,-1,CD8,28,0.29,-0.06569551637060311,-0.04823641797909901
1,-1,CD8,29,0.3,-0.05638709592469825,-0.04084521715216972
1,-1,CD8,30,0.31,-0.04344757759535286,-0.03246409269517723
1,-1,CD8,31,0.32,-0.032107710022426086,-0.024144993251405854
1,-1,CD8,32,0.33,-0.022675965038772592,-0.01663976520705374
1,-1,CD8,33,0.34,-0.01328418776100606,-0.008441636250844214
1,-1,CD8,34,0.35,-0.0039964166753864985,-0.0009747903523418727
1,-1,CD8,35,0.36,0.005540565312497363,0.006021388907920037
1,-1,CD8,36,0.37,0.016490616769633728,0.01431319446921269
1,-1,CD8,37,0.38,0.02669148186421014,0.021870821105982197
1,-1,CD8,38,0.39,0.035585872274442015,0.029587768737341782
1,-1,CD8,39,0.4,0.04501835313151291,0.037160075993333715
1,-1,CD8,40,0.41,0.054957300908289174,0.04527250270004888
1,-1,CD8,41,0.42,0.06502495046638324,0.05321017699935616
1,-1,CD8,42,0.43,0.07490785285852675,0.06135312072654194
1,-1,CD8,43,0.44,0.08670435618404558,0.06925966083081793
1,-1,CD8,44,0.45,0.09905808019948648,0.07755918716128318
1,-1,CD8,45,0.46,0.10940550452398938,0.08566928466722142
1,-1,CD8,46,0.47,0.11927554246254139,0.09410994527160112
1,-1,CD8,47,0.48,0.13014297123222401,0.1025049821508957
1,-1,CD8,48,0.49,0.1411231142937892,0.11091267628281713
1,-1,CD8,49,0.5,0.15116839957327236,0.11977514254217764
1,-1,CD8,50,0.51,0.16198946256543478,0.12826817160993442
1,-1,CD8,51,0.52,0.17541103126805987,0.1382292074708624
1,-1,CD8,52,0.53,0.1856944581863864,0.1468494697170142
1,-1,CD8,53,0.54,0.1973858773088123,0.1560309032028381
1,-1,CD8,54,0.55,0.2093266833993671,0.16575752551169873
1,-1,CD8,55,0.56,0.221207608835288,0.17596186224073754
1,-1,CD8,56,0.57,0.23335454338216163,0.186776612955298
1,-1,CD8,57,0.58,0.24754081306765832,0.1976871523934138
1,-1,CD8,58,0.59,0.2646555076225923,0.2099904764087348
1,-1,CD8,59,0.6,0.2779958409349779,0.22175496117232543
1,-1,CD8,60,0.61,0.2929301834402809,0.23454848966230699
1,-1,CD8,61,0.62,0.31225387012717554,0.24892425893248504
1,-1,CD8,62,0.63,0.3316837034058809,0.26432140502383167
1,-1,CD8,63,0.64,0.35276981883019815,0.281091178466349
1,-1,CD8,64,0.65,0.37285851677061344,0.29812955039165606
1,-1,CD8,65,0.66,0.39872032072477476,0.31926436246345485
1,-1,CD8,66,0.67,0.43142530392846734,0.34427511241070746
1,-1,CD8,67,0.68,0.46914428405412034,0.3783001421271626
1,-1,CD8,68,0.69,0.5306042986266358,0.43689442190421807
1,-1,CD8,69,0.7,0.606719722679411,1.232181001297095
1,-1,CD8,70,0.71,2.8940980032331374,2.719338766180924
1,-1,CD8,71,0.72,3.2782424529392094,3.0390177408184633
1,-1,CD8,72,0.73,3.4417863929521584,3.1940988348645925
1,-1,CD8,73,0.74,3.541440741543183,3.2882810223837473
1,-1,CD8,74,0.75,3.6231600055941873,3.3613680083725543
1,-1,CD8,75,0.76,3.673591359509031,3.4104971406807003
1,-1,CD8,76,0.77,3.7177412106325467,3.456643766706025
1,-1,CD8,77,0.78,3.758309914878818,3.499286255917473
1,-1,CD8,78,0.79,3.7966639414919525,3.5369142082947946
1,-1,CD8,79,0.8,3.83136698632617,3.5709178068164085
1,-1,CD8,80,0.81,3.8633106328293807,3.60344575565189
1,-1,CD8,81,0.82,3.8899527876069953,3.6322378211266257
1,-1,CD8,82,0.83,3.916890989861161,3.6587823066561618
1,-1,CD8,83,0.84,3.945260072339964,3.6842334215332246
1,-1,CD8,84,0.85,3.974579729715613,3.710936976061577
1,-1,CD8,85,0.86,3.9995586798676426,3.736583897333391
1,-1,CD8,86,0.87,4.025632548652851,3.761737528742055
1,-1,CD8,87,0.88,4.052216249919807,3.7881536941316423
1,-1,CD8,88,0.89,4.082206428563893,3.8147732155562544
1,-1,CD8,89,0.9,4.103506625232411,3.8366272596337314
1,-1,CD8,90,0.91,4.134170625973615,3.8631490534347646
1,-1,CD8,91,0.92,4.154011680952051,3.8875173975367647
1,-1,CD8,92,0.93,4.179243125427216,3.912958188973573
1,-1,CD8,93,0.94,4.2070578142735355,3.9417193979751457
1,-1,CD8,94,0.95,4.234929391258522,3.9696904753364612
1,-1,CD8,95,0.96,4.269251334950966,4.003013966492423
1,-1,CD8,96,0.97,4.309191357682715,4.042642598422842
1,-1,CD8,97,0.98,4.353375401411022,4.092381334058502
1,-1,CD8,98,0.99,4.417395204161366,4.158377257059327
2,-1,CD3,0,0.01,-0.3396174386038379,-0.4314164558713531
2,-1,CD3,1,0.02,-0.2888781740306756,-0.38029727384039025
2,-1,CD3,2,0.03,-0.261093210437768,-0.3463388848656071
2,-1,CD3,3,0.04,-0.24311163394350568,-0.32050581451268256
2,-1,CD3,4,0.05,-0.2268147075900867,-0.2999921994453022
2,-1,CD3,5,0.06,-0.21172785847409262,-0.28081123423262333
2,-1,CD3,6,0.07,-0.19770328530532308,-0.26313106055479557
2,-1,CD3,7,0.08,-0.18587762052199439,-0.2482324834252989
2,-1,CD3,8,0.09,-0.17206201403004662,-0.2338529576406966
2,-1,CD3,9,0.1,-0.16263894713568686,-0.2209862281006667
2,-1,CD3,10,0.11,-0.15237098750085312,-0.20842999099552004
2,-1,CD3,11,0.12,-0.14392296323522177,-0.19496994885600347
2,-1,CD3,12,0.13,-0.13519632489387032,-0.18257125827072507
2,-1,CD3,13,0.14,-0.12733960137029632,-0.17164722730077445
2,-1,CD3,14,0.15,-0.11897260057397395,-0.16198614840202763
2,-1,CD3,15,0.16,-0.11194032712644733,-0.15269894331665876
2,-1,CD3,16,0.17,-0.10514969384880536,-0.14310960613130305
2,-1,CD3,17,0.18,-0.09811834452759019,-0.13329654755997544
2,-1,CD3,18,0.19,-0.09038615696665915,-0.12354886202776681
2,-1,CD3,19,0.2,-0.08427367003439788,-0.11502308416524128
2,-1,CD3,20,0.21,-0.07831920943740242,-0.10578538882681388
2,-1,CD3,21,0.22,-0.07168753926848778,-0.0974146403670569
2,-1,CD3,22,0.23,-0.06550330335044352,-0.08895318378874544
2,-1,CD3,23,0.24,-0.0589619922842785,-0.0810295603501922
2,-1,CD3,24,0.25,-0.05281619372657689,-0.07266010156713523
2,-1,CD3,25,0.26,-0.04778841134453631,-0.06491587253183657
2,-1,CD3,26,0.27,-0.04311333185615254,-0.057675897394366515
2,-1,CD3,27,0.28,-0.03798439073526067,-0.04971461497175231
2,-1,CD3,28,0.29,-0.0324433941993438,-0.042635529358624406
2,-1,CD3,29,0.3,-0.026424211891272257,-0.03514348387710636
2,-1,CD3,30,0.31,-0.020734707735308024,-0.027172089313539368
2,-1,CD3,31,0.32,-0.014823605588489035,-0.019692874483445266
2,-1,CD3,32,0.33,-0.009147617135747414,-0.012177000167274304
2,-1,CD3,33,0.34,-0.0042247294111995735,-0.005167123430445231
2,-1,CD3,34,0.35,0.00025457033080672297,0.002647837690253852
2,-1,CD3,35,0.36,0.006545166865531127,0.010632705932570716
2,-1,CD3,36,0.37,0.01118188187216041,0.017916679958301516
2,-1,CD3,37,0.38,0.018073957173532645,0.02534928791417936
2,-1,CD3,38,0.39,0.02415602327150962,0.03234716583114536
2,-1,CD3,39,0.4,0.029799050514633947,0.0399627114410273
2,-1,CD3,40,0.41,0.035341568495393494,0.04729776316901729
2,-1,CD3,41,0.42,0.04096560253132145,0.05589000996286655
2,-1,CD3,42,0.43,0.047338015070454535,0.06363973411433345
2,-1,CD3,43,0.44,0.054397437642142346,0.0712965464248238
2,-1,CD3,44,0.45,0.0608078526123225,0.0784348098737304
2,-1,CD3,45,0.46,0.06622352238781702,0.08650210804308804
2,-1,CD3,46,0.47,0.07250508656546945,0.09420670815130289
2,-1,CD3,47,0.48,0.07842988067150494,0.1019850937938207
2,-1,CD3,48,0.49,0.08578938103399708,0.11068040504704556
2,-1,CD3,49,0.5,0.0914402750930692,0.1194079226858598
2,-1,CD3,50,0.51,0.09751918875530818,0.12860113047386101
2,-1,CD3,51,0.52,0.10498717154447589,0.13760765663528554
2,-1,CD3,52,0.53,0.11330729472596705,0.1472792294944726
2,-1,CD3,53,0.54,0.11993934035433543,0.15655477620569117
2,-1,CD3,54,0.55,0.12854495021685408,0.16681778903748412
2,-1,CD3,55,0.56,0.1353324015383396,0.17757074073734816
2,-1,CD3,56,0.57,0.14485309372311503,0.18864480977482714
2,-1,CD3,57,0.58,0.15481660882838977,0.20007610537217635
2,-1,CD3,58,0.59,0.16310945652434525,0.21044893614775176
2,-1,CD3,59,0.6,0.1734219442394212,0.2248367361492888
2,-1,CD3,60,0.61,0.18346166162554176,0.23751015878595827
2,-1,CD3,61,0.62,0.1937332638889793,0.2523207460946764
2,-1,CD3,62,0.63,0.20555919388132093,0.2683594896159846
2,-1,CD3,63,0.64,0.22043972117205296,0.2860597464993751
2,-1,CD3,64,0.65,0.2398039866769205,0.3080371005946233
2,-1,CD3,65,0.66,0.25794862186948153,0.33178531126836597
2,-1,CD3,66,0.67,0.28155118768590975,0.36170235510904986
2,-1,CD3,67,0.68,0.3090094258050266,0.3966404158098917
2,-1,CD3,68,0.69,0.3489681676989868,0.45327958512151034
2,-1,CD3,69,0.7,1.1469398642979736,1.178306663407275
2,-1,CD3,70,0.71,1.5976395635128962,1.8064529011055521
2,-1,CD3,71,0.72,1.7559629743014022,1.9851748245044394
2,-1,CD3,72,0.73,1.8509719352911318,2.086782972480265
2,-1,CD3,73,0.74,1.9069670492670883,2.1533744124177527
2,-1,CD3,74,0.75,1.9670388495754094,2.2088718264659875
2,-1,CD3,75,0.76,2.0160193458947924,2.2557990173375284
2,-1,CD3,76,0.77,2.056101464294987,2.289150433175728
2,-1,CD3,77,0.78,2.096187909355612,2.3297484310053016
2,-1,CD3,78,0.79,2.128342784565959,2.3618553379066527
2,-1,CD3,79,0.8,2.1579791144032483,2.3896968311028384
2,-1,CD3,80,0.81,2.1876027979353294,2.4180844440030262
2,-1,CD3,81,0.82,2.216507580173135,2.4432222406844812
2,-1,CD3,82,0.83,2.2367532370787493,2.4669865539914215
2,-1,CD3,83,0.84,2.2580077123369637,2.489176956533085
2,-1,CD3,84,0.85,2.2783612199625454,2.5093797950105676
2,-1,CD3,85,0.86,2.2997442530540537,2.5305912378812154
2,-1,CD3,86,0.87,2.3176665306627844,2.5511713000307186
2,-1,CD3,87,0.88,2.3407967631872593,2.576462130881158
2,-1,CD3,88,0.89,2.3622412004216953,2.601104210532967
2,-1,CD3,89,0.9,2.385941809130876,2.6228133572882535
2,-1,CD3,90,0.91,2.4072069220357726,2.646063055938306
2,-1,CD3,91,0.92,2.4287321041340784,2.6690355148055835
2,-1,CD3,92,0.93,2.450504315285107,2.6954969908475133
2,-1,CD3,93,0.94,2.477501133353353,2.719518122930919
2,-1,CD3,94,0.95,2.505188379286157,2.7474333050492796
2,-1,CD3,95,0.96,2.534799563973134,2.7788666786969016
2,-1,CD3,96,0.97,2.5701088401769816,2.8152036406182757
2,-1,CD3,97,0.98,2.6198002262330133,2.8602351617922275
2,-1,CD3,98,0.99,2.6745017806829416,2.924494264442467
2,-1,CD4,0,0.01,-0.35369374469525966,-0.4526118814460076
2,-1,CD4,1,0.02,-0.3105561736334911,-0.39635436658127593
2,-1,CD4,2,0.03,-0.27759744287900573,-0.3572962676272567
2,-1,CD4,3,0.04,-0.2551239346356987,-0.3254669372820412
2,-1,CD4,4,0.05,-0.23149036395292677,-0.30086466406515305
2,-1,CD4,5,0.06,-0.21647234868081017,-0.28005359454628914
2,-1,CD4,6,0.07,-0.20163423215055137,-0.2623296529464938
2,-1,CD4,7,0.08,-0.1910697773339855,-0.2467033518875931
2,-1,CD4,8,0.09,-0.18030742748136777,-0.2327505984253767
2,-1,CD4,9,0.1,-0.17067313287525113,-0.2203535341830275
2,-1,CD4,10,0.11,-0.16249514548193,-0.2086024880364913
2,-1,CD4,11,0.12,-0.15128603851518735,-0.19715219464444722
2,-1,CD4,12,0.13,-0.14265398551412659,-0.18605257407781153
2,-1,CD4,13,0.14,-0.1346725732057443,-0.17575411184299783
2,-1,CD4,14,0.15,-0.12705029811697643,-0.16543952907588602
2,-1,CD4,15,0.16,-0.1209334735236222,-0.15592206487489377
2,-1,CD4,16,0.17,-0.11281848660621,-0.14562530140248786
2,-1,CD4,17,0.18,-0.10486310372400881,-0.1359841846027588
2,-1,CD4,18,0.19,-0.09813603164338358,-0.12650441590446146
2,-1,CD4,19,0.2,-0.09115012276324505,-0.11780079002755121
2,-1,CD4,20,0.21,-0.08486341973671287,-0.10915267882494112
2,-1,CD4,21,0.22,-0.07704431822303649,-0.10089773473870739
2,-1,CD4,22,0.23,-0.07097280545966252,-0.09229505840188366
2,-1,CD4,23,0.24,-0.0652531732496093,-0.08431280175916907
2,-1,CD4,24,0.25,-0.05876286512618688,-0.07545013826774084
2,-1,CD4,25,0.26,-0.05256827027743739,-0.06734628457276985
2,-1,CD4,26,0.27,-0.04600972431406938,-0.05911441054559407
2,-1,CD4,27,0.28,-0.04024083659629099,-0.05135633623877434
2,-1,CD4,28,0.29,-0.03496371852612293,-0.04431916001727574
2,-1,CD4,29,0.3,-0.028861000553598287,-0.03630776832932003
2,-1,CD4,30,0.31,-0.02294732000592535,-0.028447885067770465
2,-1,CD4,31,0.32,-0.017885965653859304,-0.021750281651754664
2,-1,CD4,32,0.33,-0.010989032358903703,-0.014137381171211117
2,-1,CD4,33,0.34,-0.004544329236017413,-0.006027422700908447
2,-1,CD4,34,0.35,0.001616575979206413,0.0016638769298937455
2,-1,CD4,35,0.36,0.008536936199927238,0.009375142218149305
2,-1,CD4,36,0.37,0.013894985624397109,0.01689762211990451
2,-1,CD4,37,0.38,0.02012024428443113,0.02448359834960304
2,-1,CD4,38,0.39,0.02569364181259949,0.03151143918119545
2,-1,CD4,39,0.4,0.03163738166014857,0.03953166891498284
2,-1,CD4,40,0.41,0.03622582941739687,0.04597298283834639
2,-1,CD4,41,0.42,0.041954830230252975,0.053027431578429186
2,-1,CD4,42,0.43,0.048300131571060764,0.06081423249575352
2,-1,CD4,43,0.44,0.05502410800159597,0.06887517582531098
2,-1,CD4,44,0.45,0.061314717464392605,0.07665665729374611
2,-1,CD4,45,0.46,0.06730621368648908,0.08405759348712548
2,-1,CD4,46,0.47,0.07330380706251052,0.09207920614671594
2,-1,CD4,47,0.48,0.07965171208161388,0.09978214791545832
2,-1,CD4,48,0.49,0.08602485491600335,0.10879045575482861
2,-1,CD4,49,0.5,0.09171357158852053,0.1170002710964196
2,-1,CD4,50,0.51,0.09866814949610597,0.12599383588829755
2,-1,CD4,51,0.52,0.10684919062599002,0.1356107193054873
2,-1,CD4,52,0.53,0.11378683677294812,0.14444203145573345
2,-1,CD4,53,0.54,0.11881937621654587,0.1523296972235116
2,-1,CD4,54,0.55,0.12638748322644347,0.1612586249272233
2,-1,CD4,55,0.56,0.13495424208992388,0.17179661107777164
2,-1,CD4,56,0.57,0.14427617266285264,0.18239558620355614
2,-1,CD4,57,0.58,0.15261435063562903,0.19311970087670705
2,-1,CD4,58,0.59,0.16132415843128528,0.2051187861408608
2,-1,CD4,59,0.6,0.17107165661853543,0.21590817667840767
2,-1,CD4,60,0.61,0.18296931951841025,0.2289339483431062
2,-1,CD4,61,0.62,0.19433926023320042,0.24230439949236704
2,-1,CD4,62,0.63,0.20699612779571597,0.2578163851382442
2,-1,CD4,63,0.64,0.21979567168340014,0.2750437552079545
2,-1,CD4,64,0.65,0.23945490862277252,0.2952048010219494
2,-1,CD4,65,0.66,0.2584465602290186,0.31702139629941967
2,-1,CD4,66,0.67,0.28052347928551535,0.3448175964476783
2,-1,CD4,67,0.68,0.30667638798887387,0.38002465336877195
2,-1,CD4,68,0.69,0.3433048243500795,0.42444778552511364
2,-1,CD4,69,0.7,0.7576711540621487,0.6321856587378044
2,-1,CD4,70,0.71,2.0614017099446977,2.1868258371737967
2,-1,CD4,71,0.72,2.2808440285293923,2.4832951058453347
2,-1,CD4,72,0.73,2.400497271598423,2.6286355373250188
2,-1,CD4,73,0.74,2.499970220407986,2.734141202701883
2,-1,CD4,74,0.75,2.57658598942627,2.816217815316097
2,-1,CD4,75,0.76,2.6334952808045897,2.8739005633174375
2,-1,CD4,76,0.77,2.6808131634841805,2.921166834956113
2,-1,CD4,77,0.78,2.724192435794482,2.9671911284464927
2,-1,CD4,78,0.79,2.7685227580509695,3.0071776888218147
2,-1,CD4,79,0.8,2.8040022025197846,3.0490761911788233
2,-1,CD4,80,0.81,2.8405108705485533,3.0873472013612897
2,-1,CD4,81,0.82,2.8721973679461446,3.1177355694407964
2,-1,CD4,82,0.83,2.90011628438553,3.148351740651686
2,-1,CD4,83,0.84,2.929017664649714,3.1777688968076405
2,-1,CD4,84,0.85,2.9530044222129517,3.205013614924957
2,-1,CD4,85,0.86,2.983171510474976,3.2332178353928938
2,-1,CD4,86,0.87,3.0085791850012904,3.2592910501512153
2,-1,CD4,87,0.88,3.0380196366424257,3.2859702182681185
2,-1,CD4,88,0.89,3.063254171920791,3.3102505445460166
2,-1,CD4,89,0.9,3.0912257164359223,3.33801939481884
2,-1,CD4,90,0.91,3.1177005556020343,3.363759665469612
2,-1,CD4,91,0.92,3.1408304989409332,3.391143488255294
2,-1,CD4,92,0.93,3.170699748303695,3.4191566724355282
2,-1,CD4,93,0.94,3.1956619107238393,3.4461141869449445
2,-1,CD4,94,0.95,3.226005435636025,3.4762351283051607
2,-1,CD4,95,0.96,3.2599072183035025,3.5142221568390504
2,-1,CD4,96,0.97,3.3062091266142333,3.559154494532331
2,-1,CD4,97,0.98,3.368212261491119,3.6137348601070016
2,-1,CD4,98,0.99,3.434311200902401,3.6821382199621397
2,-1,CD8,0,0.01,-0.340871164828152,-0.4401217947907396
2,-1,CD8,1,0.02,-0.3017853956568423,-0.3867592597074818
2,-1,CD8,2,0.03,-0.27633641686154026,-0.35258322641728895
2,-1,CD8,3,0.04,-0.25485199980554435,-0.3276539170613071
2,-1,CD8,4,0.05,-0.23442236162905972,-0.30249155709819614
2,-1,CD8,5,0.06,-0.22057537629444715,-0.28196509892381155
2,-1,CD8,6,0.07,-0.20685361747008538,-0.26532078550768085
2,-1,CD8,7,0.08,-0.1937245633518046,-0.24977361959339706
2,-1,CD8,8,0.09,-0.1811859912266295,-0.2355795349202615
2,-1,CD8,9,0.1,-0.17092338435673213,-0.2234707655075924
2,-1,CD8,10,0.11,-0.16183604569587148,-0.21036920421450608
2,-1,CD8,11,0.12,-0.1522139284791126,-0.19822488712204253
2,-1,CD8,12,0.13,-0.14328817040241387,-0.18709427463723186
2,-1,CD8,13,0.14,-0.13530724259783908,-0.17702746960228022
2,-1,CD8,14,0.15,-0.12674325676877546,-0.16623887184528982
2,-1,CD8,15,0.16,-0.11882786752805102,-0.15719092712924465
2,-1,CD8,16,0.17,-0.11203113369156763,-0.14743628748655152
2,-1,CD8,17,0.18,-0.10419943905634327,-0.13845179801864801
2,-1,CD8,18,0.19,-0.09823634113583721,-0.12923603054575894
2,-1,CD8,19,0.2,-0.08948127000622508,-0.11904658265165441
2,-1,CD8,20,0.21,-0.0831429689673424,-0.11139780553731367
2,-1,CD8,21,0.22,-0.0771910285479858,-0.10314392966786647
2,-1,CD8,22,0.23,-0.07035195275112106,-0.09452404569125604
2,-1,CD8,23,0.24,-0.06416135282610015,-0.08653926849866005
2,-1,CD8,24,0.25,-0.058404977656691115,-0.07853293175531739
2,-1,CD8,25,0.26,-0.05298238452682323,-0.07093044070139416
2,-1,CD8,26,0.27,-0.04746837182233137,-0.06354219899882342
2,-1,CD8,27,0.28,-0.04221206840078672,-0.056313151682014805
2,-1,CD8,28,0.29,-0.03574008397200065,-0.04823641797909901
2,-1,CD8,29,0.3,-0.030155893825691543,-0.04084521715216972
2,-1,CD8,30,0.31,-0.024510772890765337,-0.03246409269517723
2,-1,CD8,31,0.32,-0.019133673975155443,-0.024144993251405854
2,-1,CD8,32,0.33,-0.01300667830121713,-0.01663976520705374
2,-1,CD8,33,0.34,-0.007536477663139955,-0.008441636250844214
2,-1,CD8,34,0.35,-0.0016418549577259369,-0.0009747903523418727
2,-1,CD8,35,0.36,0.00360065737105069,0.006021388907920037
2,-1,CD8,36,0.37,0.009491734935596012,0.01431319446921269
2,-1,CD8,37,0.38,0.01463132326062571,0.021870821105982197
2,-1,CD8,38,0.39,0.02098341507490993,0.029587768737341782
2,-1,CD8,39,0.4,0.026273441210242714,0.037160075993333715
2,-1,CD8,40,0.41,0.033427022415957616,0.04527250270004888
2,-1,CD8,41,0.42,0.04008328284484444,0.05321017699935616
2,-1,CD8,42,0.43,0.04617638234216742,0.06135312072654194
2,-1,CD8,43,0.44,0.051073935751275785,0.06925966083081793
2,-1,CD8,44,0.45,0.05654992862756564,0.07755918716128318
2,-1,CD8,45,0.46,0.06276571091409398,0.08566928466722142
2,-1,CD8,46,0.47,0.07031472588805897,0.09410994527160112
2,-1,CD8,47,0.48,0.0767174582117542,0.1025049821508957
2,-1,CD8,48,0.49,0.08369592537473933,0.11091267628281713
2,-1,CD8,49,0.5,0.09070098466618959,0.11977514254217764
2,-1,CD8,50,0.51,0.09636244212590636,0.12826817160993442
2,-1,CD8,51,0.52,0.10340037817560886,0.1382292074708624
2,-1,CD8,52,0.53,0.11014395252557163,0.1468494697170142
2,-1,CD8,53,0.54,0.11720054943632795,0.1560309032028381
2,-1,CD8,54,0.55,0.12457416167603967,0.16575752551169873
2,-1,CD8,55,0.56,0.1323531847024956,0.17596186224073754
2,-1,CD8,56,0.57,0.14045900453593396,0.186776612955298
2,-1,CD8,57,0.58,0.14865656609128372,0.1976871523934138
2,-1,CD8,58,0.59,0.15655478175946833,0.2099904764087348
2,-1,CD8,59,0.6,0.16701670462933374,0.22175496117232543
2,-1,CD8,60,0.61,0.17808397875126716,0.23454848966230699
2,-1,CD8,61,0.62,0.18970677621141804,0.24892425893248504
2,-1,CD8,62,0.63,0.20119074872818504,0.26432140502383167
2,-1,CD8,63,0.64,0.21336113547827135,0.281091178466349
2,-1,CD8,64,0.65,0.22560027061775756,0.29812955039165606
2,-1,CD8,65,0.66,0.24058840485958044,0.31926436246345485
2,-1,CD8,66,0.67,0.2568356347252942,0.34427511241070746
2,-1,CD8,67,0.68,0.2773788863249814,0.3783001421271626
2,-1,CD8,68,0.69,0.3063371793214221,0.43689442190421807
2,-1,CD8,69,0.7,0.36060401271712633,1.232181001297095
2,-1,CD8,70,0.71,2.235759339583724,2.719338766180924
2,-1,CD8,71,0.72,2.6818975484571905,3.0390177408184633
2,-1,CD8,72,0.73,2.8914167401948445,3.1940988348645925
2,-1,CD8,73,0.74,2.9987881169436177,3.2882810223837473
2,-1,CD8,74,0.75,3.084923452820926,3.3613680083725543
2,-1,CD8,75,0.76,3.1401376806983414,3.4104971406807003
2,-1,CD8,76,0.77,3.1969390597205547,3.456643766706025
2,-1,CD8,77,0.78,3.2430267257284697,3.499286255917473
2,-1,CD8,78,0.79,3.27924304649063,3.5369142082947946
2,-1,CD8,79,0.8,3.312096828542642,3.5709178068164085
2,-1,CD8,80,0.81,3.343180667681627,3.60344575565189
2,-1,CD8,81,0.82,3.375498294129192,3.6322378211266257
2,-1,CD8,82,0.83,3.403737526663039,3.6587823066561618
2,-1,CD8,83,0.84,3.4309004064372997,3.6842334215332246
2,-1,CD8,84,0.85,3.4550988506142226,3.710936976061577
2,-1,CD8,85,0.86,3.480912558671985,3.736583897333391
2,-1,CD8,86,0.87,3.507012097603945,3.761737528742055
2,-1,CD8,87,0.88,3.5311000956328567,3.7881536941316423
2,-1,CD8,88,0.89,3.560653549178492,3.8147732155562544
2,-1,CD8,89,0.9,3.5839569358861056,3.8366272596337314
2,-1,CD8,90,0.91,3.6060584616831295,3.8631490534347646
2,-1,CD8,91,0.92,3.6322626450978706,3.8875173975367647
2,-1,CD8,92,0.93,3.657495046007957,3.912958188973573
2,-1,CD8,93,0.94,3.688121619320322,3.9417193979751457
2,-1,CD8,94,0.95,3.713461009808385,3.9696904753364612
2,-1,CD8,95,0.96,3.748881776739957,4.003013966492423
2,-1,CD8,96,0.97,3.7943730119330494,4.042642598422842
2,-1,CD8,97,0.98,3.8456556567097477,4.092381334058502
2,-1,CD8,98,0.99,3.9218135068955817,4.158377257059327
